<beans xmlns="http://www.springframework.org/schema/beans"
   xmlns:context="http://www.springframework.org/schema/context"
   xmlns:mvc="http://www.springframework.org/schema/mvc"
   xmlns:xsi="http://www.w3.org/2001/XMLSchema-instance"
   xmlns:tx="http://www.springframework.org/schema/tx"
  xsi:schemaLocation="   
   http://www.springframework.org/schema/beans     
   http://www.springframework.org/schema/beans/spring-beans-3.0.xsd
   http://www.springframework.org/schema/context 
   http://www.springframework.org/schema/context/spring-context-3.0.xsd
   http://www.springframework.org/schema/mvc
   http://www.springframework.org/schema/mvc/spring-mvc-3.0.xsd
   http://www.springframework.org/schema/tx
   http://www.springframework.org/schema/tx/spring-tx-3.0.xsd">
  
     
    
  
 
  
  <context:property-placeholder location="classpath:resources/database.properties" />
  
  <context:component-scan base-package="com.spring" />  
 
  <tx:annotation-driven transaction-manager="hibernateTransactionManager"/>
   
 <!-- 
    <bean class="org.springframework.web.servlet.view.InternalResourceViewResolver">
      <property name="prefix" value="/WEB-INF/jsp/" />
      <property name="suffix" value=".jsp" />
   </bean>
   
   
   
   
   <bean id="studentValidator" class="com.spring.StudentValidator" />  
   -->
    
     	<bean id="jspViewResolver"
		class="org.springframework.web.servlet.view.InternalResourceViewResolver">

		 <property name="viewClass"
			value="org.springframework.web.servlet.view.JstlView" /> 
	 
		<property name="prefix" value="/WEB-INF/jsp/" />
		<property name="suffix" value=".jsp"/>
	</bean>
  
  

   	<bean class="org.springframework.context.support.ResourceBundleMessageSource"
		id="messageSource">
		<property name="basename" value="messages"/>
	</bean>  	
 
 
  <bean id="dataSource"
		class="org.springframework.jdbc.datasource.DriverManagerDataSource">
		<property name="driverClassName" value="${database.driver}" />
		<property name="url" value="${database.url}" />
		<property name="username" value="${database.user}" />
		<property name="password" value="${database.password}" />
	</bean>
  
 	<bean id="sessionFactory"
		class="org.springframework.orm.hibernate3.annotation.AnnotationSessionFactoryBean">
		<property name="dataSource" ref="dataSource" />
		<property name="annotatedClasses">
			<list>
				<value>com.spring.model.UserModel</value>
			   <value>com.spring.model.StudentModel</value>
			</list>
		</property>
		<property name="hibernateProperties">
			<props>
				<prop key="hibernate.dialect">${hibernate.dialect}</prop>
				<prop key="hibernate.show_sql">${hibernate.show_sql}</prop>
				<prop key="hibernate.hbm2ddl.auto">${hibernate.hbm2ddl.auto}</prop>
								
			</props>
		</property>
	</bean>
	 
 	<bean id="hibernateTransactionManager"
		class="org.springframework.orm.hibernate3.HibernateTransactionManager">
		<property name="sessionFactory" ref="sessionFactory" />
	</bean>	
</beans>